Group Size,Best Estimate (Assumes 40% of Infections are Asymp/Presymp),Estimate Range (Assumes 10-70% of Infections are Asymp/Presymp),Date Updated: 09-06-2021
West HS (Special model see readme),9.40,2.35-16.4,
1,0.01,0.00-0.01,
2,0.02,0.00-0.03,
3,0.03,0.00-0.05,
4,0.04,0.01-0.07,
5,0.05,0.01-0.09,
6,0.06,0.01-0.11,
7,0.07,0.01-0.13,
8,0.08,0.02-0.15,
9,0.10,0.02-0.17,
10,0.11,0.02-0.19,
11,0.12,0.03-0.21,
12,0.13,0.03-0.23,
13,0.14,0.03-0.25,
14,0.15,0.03-0.27,
15,0.16,0.04-0.29,
16,0.17,0.04-0.31,
17,0.18,0.04-0.33,
18,0.20,0.05-0.35,
19,0.21,0.05-0.37,
20,0.22,0.05-0.39,
21,0.23,0.05-0.41,
22,0.24,0.06-0.43,
23,0.25,0.06-0.44,
24,0.26,0.06-0.46,
25,0.27,0.06-0.48,
26,0.29,0.07-0.50,
27,0.30,0.07-0.52,
28,0.31,0.07-0.54,
29,0.32,0.08-0.56,
30,0.33,0.08-0.58,
31,0.34,0.08-0.60,
32,0.35,0.08-0.62,
33,0.36,0.09-0.64,
34,0.37,0.09-0.66,
35,0.39,0.09-0.68,
36,0.40,0.10-0.70,
37,0.41,0.10-0.72,
38,0.42,0.10-0.74,
39,0.43,0.10-0.76,
40,0.44,0.11-0.78,
41,0.45,0.11-0.80,
42,0.46,0.11-0.82,
43,0.48,0.12-0.84,
44,0.49,0.12-0.86,
45,0.50,0.12-0.87,
46,0.51,0.12-0.89,
47,0.52,0.13-0.91,
48,0.53,0.13-0.93,
49,0.54,0.13-0.95,
50,0.55,0.13-0.97,
51,0.56,0.14-0.99,
52,0.58,0.14-1.01,
53,0.59,0.14-1.03,
54,0.60,0.15-1.05,
55,0.61,0.15-1.07,
56,0.62,0.15-1.09,
57,0.63,0.15-1.11,
58,0.64,0.16-1.13,
59,0.65,0.16-1.15,
60,0.67,0.16-1.17,
61,0.68,0.17-1.19,
62,0.69,0.17-1.21,
63,0.70,0.17-1.23,
64,0.71,0.17-1.25,
65,0.72,0.18-1.27,
66,0.73,0.18-1.29,
67,0.74,0.18-1.30,
68,0.75,0.18-1.32,
69,0.77,0.19-1.34,
70,0.78,0.19-1.36,
71,0.79,0.19-1.38,
72,0.80,0.20-1.40,
73,0.81,0.20-1.42,
74,0.82,0.20-1.44,
75,0.83,0.20-1.46,
76,0.84,0.21-1.48,
77,0.86,0.21-1.50,
78,0.87,0.21-1.52,
79,0.88,0.22-1.54,
80,0.89,0.22-1.56,
81,0.90,0.22-1.58,
82,0.91,0.22-1.60,
83,0.92,0.23-1.62,
84,0.93,0.23-1.64,
85,0.94,0.23-1.66,
86,0.96,0.24-1.68,
87,0.97,0.24-1.70,
88,0.98,0.24-1.72,
89,0.99,0.24-1.74,
90,1.00,0.25-1.75,
91,1.01,0.25-1.77,
92,1.02,0.25-1.79,
93,1.03,0.25-1.81,
94,1.05,0.26-1.83,
95,1.06,0.26-1.85,
96,1.07,0.26-1.87,
97,1.08,0.27-1.89,
98,1.09,0.27-1.91,
99,1.10,0.27-1.93,
100,1.11,0.27-1.95,
101,1.12,0.28-1.97,
102,1.13,0.28-1.99,
103,1.15,0.28-2.01,
104,1.16,0.29-2.03,
105,1.17,0.29-2.05,
106,1.18,0.29-2.07,
107,1.19,0.29-2.09,
108,1.20,0.30-2.11,
109,1.21,0.30-2.13,
110,1.22,0.30-2.15,
111,1.24,0.31-2.17,
112,1.25,0.31-2.18,
113,1.26,0.31-2.20,
114,1.27,0.31-2.22,
115,1.28,0.32-2.24,
116,1.29,0.32-2.26,
117,1.30,0.32-2.28,
118,1.31,0.32-2.30,
119,1.32,0.33-2.32,
120,1.34,0.33-2.34,
121,1.35,0.33-2.36,
122,1.36,0.34-2.38,
123,1.37,0.34-2.40,
124,1.38,0.34-2.42,
125,1.39,0.34-2.44,
126,1.40,0.35-2.46,
127,1.41,0.35-2.48,
128,1.43,0.35-2.50,
129,1.44,0.36-2.52,
130,1.45,0.36-2.54,
131,1.46,0.36-2.56,
132,1.47,0.36-2.58,
133,1.48,0.37-2.60,
134,1.49,0.37-2.61,
135,1.50,0.37-2.63,
136,1.51,0.37-2.65,
137,1.53,0.38-2.67,
138,1.54,0.38-2.69,
139,1.55,0.38-2.71,
140,1.56,0.39-2.73,
141,1.57,0.39-2.75,
142,1.58,0.39-2.77,
143,1.59,0.39-2.79,
144,1.60,0.40-2.81,
145,1.61,0.40-2.83,
146,1.63,0.40-2.85,
147,1.64,0.41-2.87,
148,1.65,0.41-2.89,
149,1.66,0.41-2.91,
150,1.67,0.41-2.93,
151,1.68,0.42-2.95,
152,1.69,0.42-2.97,
153,1.70,0.42-2.99,
154,1.72,0.43-3.01,
155,1.73,0.43-3.03,
156,1.74,0.43-3.05,
157,1.75,0.43-3.06,
158,1.76,0.44-3.08,
159,1.77,0.44-3.10,
160,1.78,0.44-3.12,
161,1.79,0.44-3.14,
162,1.80,0.45-3.16,
163,1.82,0.45-3.18,
164,1.83,0.45-3.20,
165,1.84,0.46-3.22,
166,1.85,0.46-3.24,
167,1.86,0.46-3.26,
168,1.87,0.46-3.28,
169,1.88,0.47-3.30,
170,1.89,0.47-3.32,
171,1.91,0.47-3.34,
172,1.92,0.48-3.36,
173,1.93,0.48-3.38,
174,1.94,0.48-3.40,
175,1.95,0.48-3.42,
176,1.96,0.49-3.44,
177,1.97,0.49-3.46,
178,1.98,0.49-3.48,
179,1.99,0.49-3.49,
180,2.01,0.50-3.51,
181,2.02,0.50-3.53,
182,2.03,0.50-3.55,
183,2.04,0.51-3.57,
184,2.05,0.51-3.59,
185,2.06,0.51-3.61,
186,2.07,0.51-3.63,
187,2.08,0.52-3.65,
188,2.10,0.52-3.67,
189,2.11,0.52-3.69,
190,2.12,0.53-3.71,
191,2.13,0.53-3.73,
192,2.14,0.53-3.75,
193,2.15,0.53-3.77,
194,2.16,0.54-3.79,
195,2.17,0.54-3.81,
196,2.18,0.54-3.83,
197,2.20,0.55-3.85,
198,2.21,0.55-3.87,
199,2.22,0.55-3.89,
200,2.23,0.55-3.91,
201,2.24,0.56-3.92,
202,2.25,0.56-3.94,
203,2.26,0.56-3.96,
204,2.27,0.56-3.98,
205,2.29,0.57-4.00,
206,2.30,0.57-4.02,
207,2.31,0.57-4.04,
208,2.32,0.58-4.06,
209,2.33,0.58-4.08,
210,2.34,0.58-4.10,
211,2.35,0.58-4.12,
212,2.36,0.59-4.14,
213,2.37,0.59-4.16,
214,2.39,0.59-4.18,
215,2.40,0.60-4.20,
216,2.41,0.60-4.22,
217,2.42,0.60-4.24,
218,2.43,0.60-4.26,
219,2.44,0.61-4.28,
220,2.45,0.61-4.30,
221,2.46,0.61-4.32,
222,2.48,0.62-4.34,
223,2.49,0.62-4.35,
224,2.50,0.62-4.37,
225,2.51,0.62-4.39,
226,2.52,0.63-4.41,
227,2.53,0.63-4.43,
228,2.54,0.63-4.45,
229,2.55,0.63-4.47,
230,2.56,0.64-4.49,
231,2.58,0.64-4.51,
232,2.59,0.64-4.53,
233,2.60,0.65-4.55,
234,2.61,0.65-4.57,
235,2.62,0.65-4.59,
236,2.63,0.65-4.61,
237,2.64,0.66-4.63,
238,2.65,0.66-4.65,
239,2.67,0.66-4.67,
240,2.68,0.67-4.69,
241,2.69,0.67-4.71,
242,2.70,0.67-4.73,
243,2.71,0.67-4.75,
244,2.72,0.68-4.77,
245,2.73,0.68-4.79,
246,2.74,0.68-4.80,
247,2.75,0.68-4.82,
248,2.77,0.69-4.84,
249,2.78,0.69-4.86,
250,2.79,0.69-4.88,
251,2.80,0.70-4.90,
252,2.81,0.70-4.92,
253,2.82,0.70-4.94,
254,2.83,0.70-4.96,
255,2.84,0.71-4.98,
256,2.86,0.71-5.00,
257,2.87,0.71-5.02,
258,2.88,0.72-5.04,
259,2.89,0.72-5.06,
260,2.90,0.72-5.08,
261,2.91,0.72-5.10,
262,2.92,0.73-5.12,
263,2.93,0.73-5.14,
264,2.94,0.73-5.16,
265,2.96,0.74-5.18,
266,2.97,0.74-5.20,
267,2.98,0.74-5.22,
268,2.99,0.74-5.23,
269,3.00,0.75-5.25,
270,3.01,0.75-5.27,
271,3.02,0.75-5.29,
272,3.03,0.75-5.31,
273,3.05,0.76-5.33,
274,3.06,0.76-5.35,
275,3.07,0.76-5.37,
276,3.08,0.77-5.39,
277,3.09,0.77-5.41,
278,3.10,0.77-5.43,
279,3.11,0.77-5.45,
280,3.12,0.78-5.47,
281,3.13,0.78-5.49,
282,3.15,0.78-5.51,
283,3.16,0.79-5.53,
284,3.17,0.79-5.55,
285,3.18,0.79-5.57,
286,3.19,0.79-5.59,
287,3.20,0.80-5.61,
288,3.21,0.80-5.63,
289,3.22,0.80-5.65,
290,3.23,0.80-5.66,
291,3.25,0.81-5.68,
292,3.26,0.81-5.70,
293,3.27,0.81-5.72,
294,3.28,0.82-5.74,
295,3.29,0.82-5.76,
296,3.30,0.82-5.78,
297,3.31,0.82-5.80,
298,3.32,0.83-5.82,
299,3.34,0.83-5.84,
300,3.35,0.83-5.86,
301,3.36,0.84-5.88,
302,3.37,0.84-5.90,
303,3.38,0.84-5.92,
304,3.39,0.84-5.94,
305,3.40,0.85-5.96,
306,3.41,0.85-5.98,
307,3.42,0.85-6.00,
308,3.44,0.86-6.02,
309,3.45,0.86-6.04,
310,3.46,0.86-6.06,
311,3.47,0.86-6.08,
312,3.48,0.87-6.10,
313,3.49,0.87-6.11,
314,3.50,0.87-6.13,
315,3.51,0.87-6.15,
316,3.53,0.88-6.17,
317,3.54,0.88-6.19,
318,3.55,0.88-6.21,
319,3.56,0.89-6.23,
320,3.57,0.89-6.25,
321,3.58,0.89-6.27,
322,3.59,0.89-6.29,
323,3.60,0.90-6.31,
324,3.61,0.90-6.33,
325,3.63,0.90-6.35,
326,3.64,0.91-6.37,
327,3.65,0.91-6.39,
328,3.66,0.91-6.41,
329,3.67,0.91-6.43,
330,3.68,0.92-6.45,
331,3.69,0.92-6.47,
332,3.70,0.92-6.49,
333,3.72,0.93-6.51,
334,3.73,0.93-6.53,
335,3.74,0.93-6.54,
336,3.75,0.93-6.56,
337,3.76,0.94-6.58,
338,3.77,0.94-6.60,
339,3.78,0.94-6.62,
340,3.79,0.94-6.64,
341,3.80,0.95-6.66,
342,3.82,0.95-6.68,
343,3.83,0.95-6.70,
344,3.84,0.96-6.72,
345,3.85,0.96-6.74,
346,3.86,0.96-6.76,
347,3.87,0.96-6.78,
348,3.88,0.97-6.80,
349,3.89,0.97-6.82,
350,3.91,0.97-6.84,
351,3.92,0.98-6.86,
352,3.93,0.98-6.88,
353,3.94,0.98-6.90,
354,3.95,0.98-6.92,
355,3.96,0.99-6.94,
356,3.97,0.99-6.96,
357,3.98,0.99-6.97,
358,3.99,0.99-6.99,
359,4.01,1.00-7.01,
360,4.02,1.00-7.03,
361,4.03,1.00-7.05,
362,4.04,1.01-7.07,
363,4.05,1.01-7.09,
364,4.06,1.01-7.11,
365,4.07,1.01-7.13,
366,4.08,1.02-7.15,
367,4.10,1.02-7.17,
368,4.11,1.02-7.19,
369,4.12,1.03-7.21,
370,4.13,1.03-7.23,
371,4.14,1.03-7.25,
372,4.15,1.03-7.27,
373,4.16,1.04-7.29,
374,4.17,1.04-7.31,
375,4.18,1.04-7.33,
376,4.20,1.05-7.35,
377,4.21,1.05-7.37,
378,4.22,1.05-7.39,
379,4.23,1.05-7.40,
380,4.24,1.06-7.42,
381,4.25,1.06-7.44,
382,4.26,1.06-7.46,
383,4.27,1.06-7.48,
384,4.29,1.07-7.50,
385,4.30,1.07-7.52,
386,4.31,1.07-7.54,
387,4.32,1.08-7.56,
388,4.33,1.08-7.58,
389,4.34,1.08-7.60,
390,4.35,1.08-7.62,
391,4.36,1.09-7.64,
392,4.37,1.09-7.66,
393,4.39,1.09-7.68,
394,4.40,1.10-7.70,
395,4.41,1.10-7.72,
396,4.42,1.10-7.74,
397,4.43,1.10-7.76,
398,4.44,1.11-7.78,
399,4.45,1.11-7.80,
400,4.46,1.11-7.82,
401,4.48,1.12-7.84,
402,4.49,1.12-7.85,
403,4.50,1.12-7.87,
404,4.51,1.12-7.89,
405,4.52,1.13-7.91,
406,4.53,1.13-7.93,
407,4.54,1.13-7.95,
408,4.55,1.13-7.97,
409,4.56,1.14-7.99,
410,4.58,1.14-8.01,
411,4.59,1.14-8.03,
412,4.60,1.15-8.05,
413,4.61,1.15-8.07,
414,4.62,1.15-8.09,
415,4.63,1.15-8.11,
416,4.64,1.16-8.13,
417,4.65,1.16-8.15,
418,4.66,1.16-8.17,
419,4.68,1.17-8.19,
420,4.69,1.17-8.21,
421,4.70,1.17-8.23,
422,4.71,1.17-8.25,
423,4.72,1.18-8.27,
424,4.73,1.18-8.28,
425,4.74,1.18-8.30,
426,4.75,1.18-8.32,
427,4.77,1.19-8.34,
428,4.78,1.19-8.36,
429,4.79,1.19-8.38,
430,4.80,1.20-8.40,
431,4.81,1.20-8.42,
432,4.82,1.20-8.44,
433,4.83,1.20-8.46,
434,4.84,1.21-8.48,
435,4.85,1.21-8.50,
436,4.87,1.21-8.52,
437,4.88,1.22-8.54,
438,4.89,1.22-8.56,
439,4.90,1.22-8.58,
440,4.91,1.22-8.60,
441,4.92,1.23-8.62,
442,4.93,1.23-8.64,
443,4.94,1.23-8.66,
444,4.96,1.24-8.68,
445,4.97,1.24-8.70,
446,4.98,1.24-8.71,
447,4.99,1.24-8.73,
448,5.00,1.25-8.75,
449,5.01,1.25-8.77,
450,5.02,1.25-8.79,
451,5.03,1.25-8.81,
452,5.04,1.26-8.83,
453,5.06,1.26-8.85,
454,5.07,1.26-8.87,
455,5.08,1.27-8.89,
456,5.09,1.27-8.91,
457,5.10,1.27-8.93,
458,5.11,1.27-8.95,
459,5.12,1.28-8.97,
460,5.13,1.28-8.99,
461,5.15,1.28-9.01,
462,5.16,1.29-9.03,
463,5.17,1.29-9.05,
464,5.18,1.29-9.07,
465,5.19,1.29-9.09,
466,5.20,1.30-9.11,
467,5.21,1.30-9.13,
468,5.22,1.30-9.15,
469,5.23,1.30-9.16,
470,5.25,1.31-9.18,
471,5.26,1.31-9.20,
472,5.27,1.31-9.22,
473,5.28,1.32-9.24,
474,5.29,1.32-9.26,
475,5.30,1.32-9.28,
476,5.31,1.32-9.30,
477,5.32,1.33-9.32,
478,5.34,1.33-9.34,
479,5.35,1.33-9.36,
480,5.36,1.34-9.38,
481,5.37,1.34-9.40,
482,5.38,1.34-9.42,
483,5.39,1.34-9.44,
484,5.40,1.35-9.46,
485,5.41,1.35-9.48,
486,5.42,1.35-9.50,
487,5.44,1.36-9.52,
488,5.45,1.36-9.54,
489,5.46,1.36-9.56,
490,5.47,1.36-9.58,
491,5.48,1.37-9.59,
492,5.49,1.37-9.61,
493,5.50,1.37-9.63,
494,5.51,1.37-9.65,
495,5.53,1.38-9.67,
496,5.54,1.38-9.69,
497,5.55,1.38-9.71,
498,5.56,1.39-9.73,
499,5.57,1.39-9.75,
500,5.58,1.39-9.77,
501,5.59,1.39-9.79,
502,5.60,1.40-9.81,
503,5.61,1.40-9.83,
504,5.63,1.40-9.85,
505,5.64,1.41-9.87,
506,5.65,1.41-9.89,
507,5.66,1.41-9.91,
508,5.67,1.41-9.93,
509,5.68,1.42-9.95,
510,5.69,1.42-9.97,
511,5.70,1.42-9.99,
512,5.72,1.43-10.0,
513,5.73,1.43-10.0,
514,5.74,1.43-10.0,
515,5.75,1.43-10.0,
516,5.76,1.44-10.0,
517,5.77,1.44-10.1,
518,5.78,1.44-10.1,
519,5.79,1.44-10.1,
520,5.80,1.45-10.1,
521,5.82,1.45-10.1,
522,5.83,1.45-10.2,
523,5.84,1.46-10.2,
524,5.85,1.46-10.2,
525,5.86,1.46-10.2,
526,5.87,1.46-10.2,
527,5.88,1.47-10.3,
528,5.89,1.47-10.3,
529,5.91,1.47-10.3,
530,5.92,1.48-10.3,
531,5.93,1.48-10.3,
532,5.94,1.48-10.4,
533,5.95,1.48-10.4,
534,5.96,1.49-10.4,
535,5.97,1.49-10.4,
536,5.98,1.49-10.4,
537,5.99,1.49-10.4,
538,6.01,1.50-10.5,
539,6.02,1.50-10.5,
540,6.03,1.50-10.5,
541,6.04,1.51-10.5,
542,6.05,1.51-10.5,
543,6.06,1.51-10.6,
544,6.07,1.51-10.6,
545,6.08,1.52-10.6,
546,6.10,1.52-10.6,
547,6.11,1.52-10.6,
548,6.12,1.53-10.7,
549,6.13,1.53-10.7,
550,6.14,1.53-10.7,
551,6.15,1.53-10.7,
552,6.16,1.54-10.7,
553,6.17,1.54-10.8,
554,6.18,1.54-10.8,
555,6.20,1.55-10.8,
556,6.21,1.55-10.8,
557,6.22,1.55-10.8,
558,6.23,1.55-10.9,
559,6.24,1.56-10.9,
560,6.25,1.56-10.9,
561,6.26,1.56-10.9,
562,6.27,1.56-10.9,
563,6.28,1.57-11.0,
564,6.30,1.57-11.0,
565,6.31,1.57-11.0,
566,6.32,1.58-11.0,
567,6.33,1.58-11.0,
568,6.34,1.58-11.1,
569,6.35,1.58-11.1,
570,6.36,1.59-11.1,
571,6.37,1.59-11.1,
572,6.39,1.59-11.1,
573,6.40,1.60-11.2,
574,6.41,1.60-11.2,
575,6.42,1.60-11.2,
576,6.43,1.60-11.2,
577,6.44,1.61-11.2,
578,6.45,1.61-11.3,
579,6.46,1.61-11.3,
580,6.47,1.61-11.3,
581,6.49,1.62-11.3,
582,6.50,1.62-11.3,
583,6.51,1.62-11.3,
584,6.52,1.63-11.4,
585,6.53,1.63-11.4,
586,6.54,1.63-11.4,
587,6.55,1.63-11.4,
588,6.56,1.64-11.4,
589,6.58,1.64-11.5,
590,6.59,1.64-11.5,
591,6.60,1.65-11.5,
592,6.61,1.65-11.5,
593,6.62,1.65-11.5,
594,6.63,1.65-11.6,
595,6.64,1.66-11.6,
596,6.65,1.66-11.6,
597,6.66,1.66-11.6,
598,6.68,1.67-11.6,
599,6.69,1.67-11.7,
600,6.70,1.67-11.7,
601,6.71,1.67-11.7,
602,6.72,1.68-11.7,
603,6.73,1.68-11.7,
604,6.74,1.68-11.8,
605,6.75,1.68-11.8,
606,6.77,1.69-11.8,
607,6.78,1.69-11.8,
608,6.79,1.69-11.8,
609,6.80,1.70-11.9,
610,6.81,1.70-11.9,
611,6.82,1.70-11.9,
612,6.83,1.70-11.9,
613,6.84,1.71-11.9,
614,6.85,1.71-12.0,
615,6.87,1.71-12.0,
616,6.88,1.72-12.0,
617,6.89,1.72-12.0,
618,6.90,1.72-12.0,
619,6.91,1.72-12.1,
620,6.92,1.73-12.1,
621,6.93,1.73-12.1,
622,6.94,1.73-12.1,
623,6.96,1.74-12.1,
624,6.97,1.74-12.2,
625,6.98,1.74-12.2,
626,6.99,1.74-12.2,
627,7.00,1.75-12.2,
628,7.01,1.75-12.2,
629,7.02,1.75-12.2,
630,7.03,1.75-12.3,
631,7.04,1.76-12.3,
632,7.06,1.76-12.3,
633,7.07,1.76-12.3,
634,7.08,1.77-12.3,
635,7.09,1.77-12.4,
636,7.10,1.77-12.4,
637,7.11,1.77-12.4,
638,7.12,1.78-12.4,
639,7.13,1.78-12.4,
640,7.15,1.78-12.5,
641,7.16,1.79-12.5,
642,7.17,1.79-12.5,
643,7.18,1.79-12.5,
644,7.19,1.79-12.5,
645,7.20,1.80-12.6,
646,7.21,1.80-12.6,
647,7.22,1.80-12.6,
648,7.23,1.80-12.6,
649,7.25,1.81-12.6,
650,7.26,1.81-12.7,
651,7.27,1.81-12.7,
652,7.28,1.82-12.7,
653,7.29,1.82-12.7,
654,7.30,1.82-12.7,
655,7.31,1.82-12.8,
656,7.32,1.83-12.8,
657,7.34,1.83-12.8,
658,7.35,1.83-12.8,
659,7.36,1.84-12.8,
660,7.37,1.84-12.9,
661,7.38,1.84-12.9,
662,7.39,1.84-12.9,
663,7.40,1.85-12.9,
664,7.41,1.85-12.9,
665,7.42,1.85-13.0,
666,7.44,1.86-13.0,
667,7.45,1.86-13.0,
668,7.46,1.86-13.0,
669,7.47,1.86-13.0,
670,7.48,1.87-13.0,
671,7.49,1.87-13.1,
672,7.50,1.87-13.1,
673,7.51,1.87-13.1,
674,7.53,1.88-13.1,
675,7.54,1.88-13.1,
676,7.55,1.88-13.2,
677,7.56,1.89-13.2,
678,7.57,1.89-13.2,
679,7.58,1.89-13.2,
680,7.59,1.89-13.2,
681,7.60,1.90-13.3,
682,7.61,1.90-13.3,
683,7.63,1.90-13.3,
684,7.64,1.91-13.3,
685,7.65,1.91-13.3,
686,7.66,1.91-13.4,
687,7.67,1.91-13.4,
688,7.68,1.92-13.4,
689,7.69,1.92-13.4,
690,7.70,1.92-13.4,
691,7.71,1.92-13.5,
692,7.73,1.93-13.5,
693,7.74,1.93-13.5,
694,7.75,1.93-13.5,
695,7.76,1.94-13.5,
696,7.77,1.94-13.6,
697,7.78,1.94-13.6,
698,7.79,1.94-13.6,
699,7.80,1.95-13.6,
700,7.82,1.95-13.6,
701,7.83,1.95-13.7,
702,7.84,1.96-13.7,
703,7.85,1.96-13.7,
704,7.86,1.96-13.7,
705,7.87,1.96-13.7,
706,7.88,1.97-13.8,
707,7.89,1.97-13.8,
708,7.90,1.97-13.8,
709,7.92,1.98-13.8,
710,7.93,1.98-13.8,
711,7.94,1.98-13.9,
712,7.95,1.98-13.9,
713,7.96,1.99-13.9,
714,7.97,1.99-13.9,
715,7.98,1.99-13.9,
716,7.99,1.99-13.9,
717,8.01,2.00-14.0,
718,8.02,2.00-14.0,
719,8.03,2.00-14.0,
720,8.04,2.01-14.0,
721,8.05,2.01-14.0,
722,8.06,2.01-14.1,
723,8.07,2.01-14.1,
724,8.08,2.02-14.1,
725,8.09,2.02-14.1,
726,8.11,2.02-14.1,
727,8.12,2.03-14.2,
728,8.13,2.03-14.2,
729,8.14,2.03-14.2,
730,8.15,2.03-14.2,
731,8.16,2.04-14.2,
732,8.17,2.04-14.3,
733,8.18,2.04-14.3,
734,8.20,2.05-14.3,
735,8.21,2.05-14.3,
736,8.22,2.05-14.3,
737,8.23,2.05-14.4,
738,8.24,2.06-14.4,
739,8.25,2.06-14.4,
740,8.26,2.06-14.4,
741,8.27,2.06-14.4,
742,8.28,2.07-14.5,
743,8.30,2.07-14.5,
744,8.31,2.07-14.5,
745,8.32,2.08-14.5,
746,8.33,2.08-14.5,
747,8.34,2.08-14.6,
748,8.35,2.08-14.6,
749,8.36,2.09-14.6,
750,8.37,2.09-14.6,
751,8.39,2.09-14.6,
752,8.40,2.10-14.7,
753,8.41,2.10-14.7,
754,8.42,2.10-14.7,
755,8.43,2.10-14.7,
756,8.44,2.11-14.7,
757,8.45,2.11-14.8,
758,8.46,2.11-14.8,
759,8.47,2.11-14.8,
760,8.49,2.12-14.8,
761,8.50,2.12-14.8,
762,8.51,2.12-14.8,
763,8.52,2.13-14.9,
764,8.53,2.13-14.9,
765,8.54,2.13-14.9,
766,8.55,2.13-14.9,
767,8.56,2.14-14.9,
768,8.58,2.14-15.0,
769,8.59,2.14-15.0,
770,8.60,2.15-15.0,
771,8.61,2.15-15.0,
772,8.62,2.15-15.0,
773,8.63,2.15-15.1,
774,8.64,2.16-15.1,
775,8.65,2.16-15.1,
776,8.66,2.16-15.1,
777,8.68,2.17-15.1,
778,8.69,2.17-15.2,
779,8.70,2.17-15.2,
780,8.71,2.17-15.2,
781,8.72,2.18-15.2,
782,8.73,2.18-15.2,
783,8.74,2.18-15.3,
784,8.75,2.18-15.3,
785,8.77,2.19-15.3,
786,8.78,2.19-15.3,
787,8.79,2.19-15.3,
788,8.80,2.20-15.4,
789,8.81,2.20-15.4,
790,8.82,2.20-15.4,
791,8.83,2.20-15.4,
792,8.84,2.21-15.4,
793,8.85,2.21-15.5,
794,8.87,2.21-15.5,
795,8.88,2.22-15.5,
796,8.89,2.22-15.5,
797,8.90,2.22-15.5,
798,8.91,2.22-15.6,
799,8.92,2.23-15.6,
800,8.93,2.23-15.6,
801,8.94,2.23-15.6,
802,8.96,2.24-15.6,
803,8.97,2.24-15.6,
804,8.98,2.24-15.7,
805,8.99,2.24-15.7,
806,9.00,2.25-15.7,
807,9.01,2.25-15.7,
808,9.02,2.25-15.7,
809,9.03,2.25-15.8,
810,9.04,2.26-15.8,
811,9.06,2.26-15.8,
812,9.07,2.26-15.8,
813,9.08,2.27-15.8,
814,9.09,2.27-15.9,
815,9.10,2.27-15.9,
816,9.11,2.27-15.9,
817,9.12,2.28-15.9,
818,9.13,2.28-15.9,
819,9.15,2.28-16.0,
820,9.16,2.29-16.0,
821,9.17,2.29-16.0,
822,9.18,2.29-16.0,
823,9.19,2.29-16.0,
824,9.20,2.30-16.1,
825,9.21,2.30-16.1,
826,9.22,2.30-16.1,
827,9.23,2.30-16.1,
828,9.25,2.31-16.1,
829,9.26,2.31-16.2,
830,9.27,2.31-16.2,
831,9.28,2.32-16.2,
832,9.29,2.32-16.2,
833,9.30,2.32-16.2,
834,9.31,2.32-16.3,
835,9.32,2.33-16.3,
836,9.33,2.33-16.3,
837,9.35,2.33-16.3,
838,9.36,2.34-16.3,
839,9.37,2.34-16.4,
840,9.38,2.34-16.4,
841,9.39,2.34-16.4,
842,9.40,2.35-16.4,
843,9.41,2.35-16.4,
844,9.42,2.35-16.5,
845,9.44,2.36-16.5,
846,9.45,2.36-16.5,
847,9.46,2.36-16.5,
848,9.47,2.36-16.5,
849,9.48,2.37-16.5,
850,9.49,2.37-16.6,
851,9.50,2.37-16.6,
852,9.51,2.37-16.6,
853,9.52,2.38-16.6,
854,9.54,2.38-16.6,
855,9.55,2.38-16.7,
856,9.56,2.39-16.7,
857,9.57,2.39-16.7,
858,9.58,2.39-16.7,
859,9.59,2.39-16.7,
860,9.60,2.40-16.8,
861,9.61,2.40-16.8,
862,9.63,2.40-16.8,
863,9.64,2.41-16.8,
864,9.65,2.41-16.8,
865,9.66,2.41-16.9,
866,9.67,2.41-16.9,
867,9.68,2.42-16.9,
868,9.69,2.42-16.9,
869,9.70,2.42-16.9,
870,9.71,2.42-17.0,
871,9.73,2.43-17.0,
872,9.74,2.43-17.0,
873,9.75,2.43-17.0,
874,9.76,2.44-17.0,
875,9.77,2.44-17.1,
876,9.78,2.44-17.1,
877,9.79,2.44-17.1,
878,9.80,2.45-17.1,
879,9.82,2.45-17.1,
880,9.83,2.45-17.2,
881,9.84,2.46-17.2,
882,9.85,2.46-17.2,
883,9.86,2.46-17.2,
884,9.87,2.46-17.2,
885,9.88,2.47-17.3,
886,9.89,2.47-17.3,
887,9.90,2.47-17.3,
888,9.92,2.48-17.3,
889,9.93,2.48-17.3,
890,9.94,2.48-17.4,
891,9.95,2.48-17.4,
892,9.96,2.49-17.4,
893,9.97,2.49-17.4,
894,9.98,2.49-17.4,
895,9.99,2.49-17.4,
896,10.0,2.50-17.5,
897,10.0,2.50-17.5,
898,10.0,2.50-17.5,
899,10.0,2.51-17.5,
900,10.0,2.51-17.5,
901,10.0,2.51-17.6,
902,10.0,2.51-17.6,
903,10.0,2.52-17.6,
904,10.0,2.52-17.6,
905,10.1,2.52-17.6,
906,10.1,2.53-17.7,
907,10.1,2.53-17.7,
908,10.1,2.53-17.7,
909,10.1,2.53-17.7,
910,10.1,2.54-17.7,
911,10.1,2.54-17.8,
912,10.1,2.54-17.8,
913,10.2,2.55-17.8,
914,10.2,2.55-17.8,
915,10.2,2.55-17.8,
916,10.2,2.55-17.9,
917,10.2,2.56-17.9,
918,10.2,2.56-17.9,
919,10.2,2.56-17.9,
920,10.2,2.56-17.9,
921,10.2,2.57-18.0,
922,10.3,2.57-18.0,
923,10.3,2.57-18.0,
924,10.3,2.58-18.0,
925,10.3,2.58-18.0,
926,10.3,2.58-18.1,
927,10.3,2.58-18.1,
928,10.3,2.59-18.1,
929,10.3,2.59-18.1,
930,10.3,2.59-18.1,
931,10.4,2.60-18.2,
932,10.4,2.60-18.2,
933,10.4,2.60-18.2,
934,10.4,2.60-18.2,
935,10.4,2.61-18.2,
936,10.4,2.61-18.3,
937,10.4,2.61-18.3,
938,10.4,2.61-18.3,
939,10.4,2.62-18.3,
940,10.5,2.62-18.3,
941,10.5,2.62-18.3,
942,10.5,2.63-18.4,
943,10.5,2.63-18.4,
944,10.5,2.63-18.4,
945,10.5,2.63-18.4,
946,10.5,2.64-18.4,
947,10.5,2.64-18.5,
948,10.5,2.64-18.5,
949,10.6,2.65-18.5,
950,10.6,2.65-18.5,
951,10.6,2.65-18.5,
952,10.6,2.65-18.6,
953,10.6,2.66-18.6,
954,10.6,2.66-18.6,
955,10.6,2.66-18.6,
956,10.6,2.67-18.6,
957,10.6,2.67-18.7,
958,10.7,2.67-18.7,
959,10.7,2.67-18.7,
960,10.7,2.68-18.7,
961,10.7,2.68-18.7,
962,10.7,2.68-18.8,
963,10.7,2.68-18.8,
964,10.7,2.69-18.8,
965,10.7,2.69-18.8,
966,10.7,2.69-18.8,
967,10.8,2.70-18.9,
968,10.8,2.70-18.9,
969,10.8,2.70-18.9,
970,10.8,2.70-18.9,
971,10.8,2.71-18.9,
972,10.8,2.71-19.0,
973,10.8,2.71-19.0,
974,10.8,2.72-19.0,
975,10.8,2.72-19.0,
976,10.9,2.72-19.0,
977,10.9,2.72-19.1,
978,10.9,2.73-19.1,
979,10.9,2.73-19.1,
980,10.9,2.73-19.1,
981,10.9,2.73-19.1,
982,10.9,2.74-19.1,
983,10.9,2.74-19.2,
984,10.9,2.74-19.2,
985,11.0,2.75-19.2,
986,11.0,2.75-19.2,
987,11.0,2.75-19.2,
988,11.0,2.75-19.3,
989,11.0,2.76-19.3,
990,11.0,2.76-19.3,
991,11.0,2.76-19.3,
992,11.0,2.77-19.3,
993,11.0,2.77-19.4,
994,11.1,2.77-19.4,
995,11.1,2.77-19.4,
996,11.1,2.78-19.4,
997,11.1,2.78-19.4,
998,11.1,2.78-19.5,
999,11.1,2.79-19.5,
1000,11.1,2.79-19.5,
1001,11.1,2.79-19.5,
1002,11.1,2.79-19.5,
1003,11.2,2.80-19.6,
1004,11.2,2.80-19.6,
1005,11.2,2.80-19.6,
1006,11.2,2.80-19.6,
1007,11.2,2.81-19.6,
1008,11.2,2.81-19.7,
1009,11.2,2.81-19.7,
1010,11.2,2.82-19.7,
1011,11.2,2.82-19.7,
1012,11.3,2.82-19.7,
1013,11.3,2.82-19.8,
1014,11.3,2.83-19.8,
1015,11.3,2.83-19.8,
1016,11.3,2.83-19.8,
1017,11.3,2.84-19.8,
1018,11.3,2.84-19.9,
1019,11.3,2.84-19.9,
1020,11.3,2.84-19.9,
1021,11.4,2.85-19.9,
1022,11.4,2.85-19.9,
1023,11.4,2.85-20.0,
1024,11.4,2.86-20.0,
1025,11.4,2.86-20.0,
1026,11.4,2.86-20.0,
1027,11.4,2.86-20.0,
1028,11.4,2.87-20.0,
1029,11.4,2.87-20.1,
1030,11.5,2.87-20.1,
1031,11.5,2.87-20.1,
1032,11.5,2.88-20.1,
1033,11.5,2.88-20.1,
1034,11.5,2.88-20.2,
1035,11.5,2.89-20.2,
1036,11.5,2.89-20.2,
1037,11.5,2.89-20.2,
1038,11.5,2.89-20.2,
1039,11.6,2.90-20.3,
1040,11.6,2.90-20.3,
1041,11.6,2.90-20.3,
1042,11.6,2.91-20.3,
1043,11.6,2.91-20.3,
1044,11.6,2.91-20.4,
1045,11.6,2.91-20.4,
1046,11.6,2.92-20.4,
1047,11.6,2.92-20.4,
1048,11.7,2.92-20.4,
1049,11.7,2.92-20.5,
1050,11.7,2.93-20.5,
1051,11.7,2.93-20.5,
1052,11.7,2.93-20.5,
1053,11.7,2.94-20.5,
1054,11.7,2.94-20.6,
1055,11.7,2.94-20.6,
1056,11.7,2.94-20.6,
1057,11.8,2.95-20.6,
1058,11.8,2.95-20.6,
1059,11.8,2.95-20.7,
1060,11.8,2.96-20.7,
1061,11.8,2.96-20.7,
1062,11.8,2.96-20.7,
1063,11.8,2.96-20.7,
1064,11.8,2.97-20.8,
1065,11.8,2.97-20.8,
1066,11.9,2.97-20.8,
1067,11.9,2.98-20.8,
1068,11.9,2.98-20.8,
1069,11.9,2.98-20.9,
1070,11.9,2.98-20.9,
1071,11.9,2.99-20.9,
1072,11.9,2.99-20.9,
1073,11.9,2.99-20.9,
1074,11.9,2.99-20.9,
1075,12.0,3.00-21.0,
1076,12.0,3.00-21.0,
1077,12.0,3.00-21.0,
1078,12.0,3.01-21.0,
1079,12.0,3.01-21.0,
1080,12.0,3.01-21.1,
1081,12.0,3.01-21.1,
1082,12.0,3.02-21.1,
1083,12.0,3.02-21.1,
1084,12.1,3.02-21.1,
1085,12.1,3.03-21.2,
1086,12.1,3.03-21.2,
1087,12.1,3.03-21.2,
1088,12.1,3.03-21.2,
1089,12.1,3.04-21.2,
1090,12.1,3.04-21.3,
1091,12.1,3.04-21.3,
1092,12.2,3.05-21.3,
1093,12.2,3.05-21.3,
1094,12.2,3.05-21.3,
1095,12.2,3.05-21.4,
1096,12.2,3.06-21.4,
1097,12.2,3.06-21.4,
1098,12.2,3.06-21.4,
1099,12.2,3.06-21.4,
